Dataset,WindowSize,Points,BPP,MaxError,AvgError,DecompressSuccess
Geolife (原始),16,99999,7.218002,1.411385e-05,7.649694e-06,TRUE
Geolife (原始),24,99999,7.205952,1.411384e-05,7.649693e-06,TRUE
Geolife (原始),32,99999,7.204092,1.411384e-05,7.649693e-06,TRUE
Geolife (原始),48,99999,7.208762,1.411384e-05,7.649693e-06,TRUE
Geolife (原始),64,99999,7.202982,1.411384e-05,7.649693e-06,TRUE
Geolife (原始),80,99999,7.201282,1.411384e-05,7.649694e-06,TRUE
Geolife (原始),96,99999,7.195022,1.411384e-05,7.649693e-06,TRUE
Geolife (原始),112,99999,7.194462,1.411384e-05,7.649695e-06,TRUE
Geolife (原始),128,99999,7.194802,1.411385e-05,7.649697e-06,TRUE
Geolife (原始),144,99999,7.194932,1.411385e-05,7.649696e-06,TRUE
Geolife (原始),160,99999,7.196962,1.411383e-05,7.649696e-06,TRUE
Geolife (原始),176,99999,7.204142,1.411384e-05,7.649699e-06,TRUE
Geolife (原始),192,99999,7.196962,1.411385e-05,7.649700e-06,TRUE
Geolife (5x降采样),16,19999,14.564728,1.407143e-05,7.646150e-06,TRUE
Geolife (5x降采样),24,19999,14.515326,1.407144e-05,7.646150e-06,TRUE
Geolife (5x降采样),32,19999,14.484474,1.407143e-05,7.646150e-06,TRUE
Geolife (5x降采样),48,19999,14.476824,1.407143e-05,7.646150e-06,TRUE
Geolife (5x降采样),64,19999,14.455823,1.407144e-05,7.646150e-06,TRUE
Geolife (5x降采样),80,19999,14.440272,1.407145e-05,7.646150e-06,TRUE
Geolife (5x降采样),96,19999,14.431072,1.407144e-05,7.646150e-06,TRUE
Geolife (5x降采样),112,19999,14.434772,1.407144e-05,7.646150e-06,TRUE
Geolife (5x降采样),128,19999,14.430972,1.407143e-05,7.646150e-06,TRUE
Geolife (5x降采样),144,19999,14.425221,1.407144e-05,7.646150e-06,TRUE
Geolife (5x降采样),160,19999,14.420671,1.407143e-05,7.646150e-06,TRUE
Geolife (5x降采样),176,19999,14.410871,1.407143e-05,7.646150e-06,TRUE
Geolife (5x降采样),192,19999,14.407070,1.407143e-05,7.646150e-06,TRUE
Geolife (10x降采样),16,9999,18.236824,1.400097e-05,7.629130e-06,TRUE
Geolife (10x降采样),24,9999,18.211921,1.400097e-05,7.629130e-06,TRUE
Geolife (10x降采样),32,9999,18.159316,1.400097e-05,7.629130e-06,TRUE
Geolife (10x降采样),48,9999,18.140814,1.400097e-05,7.629130e-06,TRUE
Geolife (10x降采样),64,9999,18.118712,1.400097e-05,7.629130e-06,TRUE
Geolife (10x降采样),80,9999,18.115212,1.400097e-05,7.629130e-06,TRUE
Geolife (10x降采样),96,9999,18.105511,1.400097e-05,7.629130e-06,TRUE
Geolife (10x降采样),112,9999,18.104010,1.400097e-05,7.629130e-06,TRUE
Geolife (10x降采样),128,9999,18.102910,1.400097e-05,7.629130e-06,TRUE
Geolife (10x降采样),144,9999,18.102010,1.400097e-05,7.629130e-06,TRUE
Geolife (10x降采样),160,9999,18.101310,1.400097e-05,7.629130e-06,TRUE
Geolife (10x降采样),176,9999,18.100710,1.400097e-05,7.629130e-06,TRUE
Geolife (10x降采样),192,9999,18.100310,1.400097e-05,7.629130e-06,TRUE
Geolife (20x降采样),16,4999,22.340668,1.408560e-05,7.646054e-06,TRUE
Geolife (20x降采样),24,4999,22.260652,1.408560e-05,7.646054e-06,TRUE
Geolife (20x降采样),32,4999,22.251250,1.408560e-05,7.646054e-06,TRUE
Geolife (20x降采样),48,4999,22.182436,1.408560e-05,7.646054e-06,TRUE
Geolife (20x降采样),64,4999,22.168434,1.408560e-05,7.646054e-06,TRUE
Geolife (20x降采样),80,4999,22.165233,1.408560e-05,7.646054e-06,TRUE
Geolife (20x降采样),96,4999,22.163233,1.408560e-05,7.646054e-06,TRUE
Geolife (20x降采样),112,4999,22.161632,1.408560e-05,7.646054e-06,TRUE
Geolife (20x降采样),128,4999,22.160632,1.408560e-05,7.646054e-06,TRUE
Geolife (20x降采样),144,4999,22.159632,1.408560e-05,7.646054e-06,TRUE
Geolife (20x降采样),160,4999,22.159032,1.408560e-05,7.646054e-06,TRUE
Geolife (20x降采样),176,4999,22.158432,1.408560e-05,7.646054e-06,TRUE
Geolife (20x降采样),192,4999,22.158032,1.408560e-05,7.646054e-06,TRUE
Geolife (40x降采样),16,2499,26.209684,1.372140e-05,7.671289e-06,TRUE
Geolife (40x降采样),24,2499,26.074830,1.372140e-05,7.671289e-06,TRUE
Geolife (40x降采样),32,2499,26.064426,1.372140e-05,7.671289e-06,TRUE
Geolife (40x降采样),48,2499,26.054022,1.372140e-05,7.671289e-06,TRUE
Geolife (40x降采样),64,2499,26.048820,1.372140e-05,7.671289e-06,TRUE
Geolife (40x降采样),80,2499,26.045618,1.372140e-05,7.671289e-06,TRUE
Geolife (40x降采样),96,2499,26.043617,1.372140e-05,7.671289e-06,TRUE
Geolife (40x降采样),112,2499,26.042017,1.372140e-05,7.671289e-06,TRUE
Geolife (40x降采样),128,2499,26.040816,1.372140e-05,7.671289e-06,TRUE
Geolife (40x降采样),144,2499,26.040016,1.372140e-05,7.671289e-06,TRUE
Geolife (40x降采样),160,2499,26.039216,1.372140e-05,7.671289e-06,TRUE
Geolife (40x降采样),176,2499,26.038816,1.372140e-05,7.671289e-06,TRUE
Geolife (40x降采样),192,2499,26.038415,1.372140e-05,7.671289e-06,TRUE
Track (原始),16,63529,6.348046,1.410025e-05,7.610860e-06,TRUE
Track (原始),24,63529,6.332840,1.410003e-05,7.610859e-06,TRUE
Track (原始),32,63529,6.326292,1.409984e-05,7.610860e-06,TRUE
Track (原始),48,63529,6.319759,1.409979e-05,7.610858e-06,TRUE
Track (原始),64,63529,6.303672,1.409920e-05,7.610855e-06,TRUE
Track (原始),80,63529,6.293582,1.410104e-05,7.610847e-06,TRUE
Track (原始),96,63529,6.286515,1.410821e-05,7.610831e-06,TRUE
Track (原始),112,63529,6.285256,1.410676e-05,7.610835e-06,TRUE
Track (原始),128,63529,6.284594,1.410720e-05,7.610835e-06,TRUE
Track (原始),144,63529,6.284138,1.410720e-05,7.610835e-06,TRUE
Track (原始),160,63529,6.283886,1.410751e-05,7.610833e-06,TRUE
Track (原始),176,63529,6.283681,1.410783e-05,7.610834e-06,TRUE
Track (原始),192,63529,6.283634,1.410755e-05,7.610836e-06,TRUE
Track (5x降采样),16,12705,12.510901,1.407149e-05,7.651773e-06,TRUE
Track (5x降采样),24,12705,12.463754,1.407149e-05,7.651773e-06,TRUE
Track (5x降采样),32,12705,12.421330,1.407150e-05,7.651773e-06,TRUE
Track (5x降采样),48,12705,12.388745,1.407150e-05,7.651773e-06,TRUE
Track (5x降采样),64,12705,12.382527,1.407149e-05,7.651773e-06,TRUE
Track (5x降采样),80,12705,12.380795,1.407150e-05,7.651773e-06,TRUE
Track (5x降采样),96,12705,12.358835,1.407150e-05,7.651773e-06,TRUE
Track (5x降采样),112,12705,12.354978,1.407150e-05,7.651773e-06,TRUE
Track (5x降采样),128,12705,12.357969,1.407149e-05,7.651773e-06,TRUE
Track (5x降采样),144,12705,12.350571,1.407150e-05,7.651773e-06,TRUE
Track (5x降采样),160,12705,12.344510,1.407149e-05,7.651773e-06,TRUE
Track (5x降采样),176,12705,12.348052,1.407149e-05,7.651773e-06,TRUE
Track (5x降采样),192,12705,12.346320,1.407149e-05,7.651773e-06,TRUE
Track (10x降采样),16,6352,16.941908,1.381896e-05,7.652479e-06,TRUE
Track (10x降采样),24,6352,16.865712,1.381896e-05,7.652479e-06,TRUE
Track (10x降采样),32,6352,16.844301,1.381896e-05,7.652479e-06,TRUE
Track (10x降采样),48,6352,16.814232,1.381896e-05,7.652479e-06,TRUE
Track (10x降采样),64,6352,16.797702,1.381896e-05,7.652479e-06,TRUE
Track (10x降采样),80,6352,16.794553,1.381896e-05,7.652479e-06,TRUE
Track (10x降采样),96,6352,16.792506,1.381896e-05,7.652479e-06,TRUE
Track (10x降采样),112,6352,16.790932,1.381896e-05,7.652479e-06,TRUE
Track (10x降采样),128,6352,16.789830,1.381896e-05,7.652479e-06,TRUE
Track (10x降采样),144,6352,16.789043,1.381896e-05,7.652479e-06,TRUE
Track (10x降采样),160,6352,16.788256,1.381896e-05,7.652479e-06,TRUE
Track (10x降采样),176,6352,16.787783,1.381896e-05,7.652479e-06,TRUE
Track (10x降采样),192,6352,16.787311,1.381896e-05,7.652479e-06,TRUE
Track (20x降采样),16,3176,22.372796,1.405740e-05,7.610853e-06,TRUE
Track (20x降采样),24,3176,22.263224,1.405740e-05,7.610853e-06,TRUE
Track (20x降采样),32,3176,22.231738,1.405740e-05,7.610853e-06,TRUE
Track (20x降采样),48,3176,22.221348,1.405740e-05,7.610853e-06,TRUE
Track (20x降采样),64,3176,22.215995,1.405740e-05,7.610853e-06,TRUE
Track (20x降采样),80,3176,22.212846,1.405740e-05,7.610853e-06,TRUE
Track (20x降采样),96,3176,22.210957,1.405740e-05,7.610853e-06,TRUE
Track (20x降采样),112,3176,22.209383,1.405740e-05,7.610853e-06,TRUE
Track (20x降采样),128,3176,22.208123,1.405740e-05,7.610853e-06,TRUE
Track (20x降采样),144,3176,22.207494,1.405740e-05,7.610853e-06,TRUE
Track (20x降采样),160,3176,22.206549,1.405740e-05,7.610853e-06,TRUE
Track (20x降采样),176,3176,22.206234,1.405740e-05,7.610853e-06,TRUE
Track (20x降采样),192,3176,22.205605,1.405740e-05,7.610853e-06,TRUE
Track (40x降采样),16,1588,27.659320,1.401486e-05,7.635484e-06,TRUE
Track (40x降采样),24,1588,27.542821,1.401486e-05,7.635484e-06,TRUE
Track (40x降采样),32,1588,27.509446,1.401486e-05,7.635484e-06,TRUE
Track (40x降采样),48,1588,27.499370,1.401486e-05,7.635484e-06,TRUE
Track (40x降采样),64,1588,27.493703,1.401486e-05,7.635484e-06,TRUE
Track (40x降采样),80,1588,27.490554,1.401486e-05,7.635484e-06,TRUE
Track (40x降采样),96,1588,27.488665,1.401486e-05,7.635484e-06,TRUE
Track (40x降采样),112,1588,27.487406,1.401486e-05,7.635484e-06,TRUE
Track (40x降采样),128,1588,27.486146,1.401486e-05,7.635484e-06,TRUE
Track (40x降采样),144,1588,27.485516,1.401486e-05,7.635484e-06,TRUE
Track (40x降采样),160,1588,27.484257,1.401486e-05,7.635484e-06,TRUE
Track (40x降采样),176,1588,27.484257,1.401486e-05,7.635484e-06,TRUE
Track (40x降采样),192,1588,27.483627,1.401486e-05,7.635484e-06,TRUE
Trajectory (原始),16,97008,7.363681,1.408636e-05,7.597702e-06,TRUE
Trajectory (原始),24,97008,7.345879,1.408515e-05,7.597674e-06,TRUE
Trajectory (原始),32,97008,7.336787,1.409048e-05,7.597780e-06,TRUE
Trajectory (原始),48,97008,7.323458,1.408957e-05,7.597861e-06,TRUE
Trajectory (原始),64,97008,7.320664,1.408655e-05,7.597893e-06,TRUE
Trajectory (原始),80,97008,7.319737,1.408776e-05,7.597851e-06,TRUE
Trajectory (原始),96,97008,7.319706,1.408419e-05,7.597889e-06,TRUE
Trajectory (原始),112,97008,7.326324,1.408397e-05,7.597888e-06,TRUE
Trajectory (原始),128,97008,7.324880,1.408447e-05,7.597889e-06,TRUE
Trajectory (原始),144,97008,7.342394,1.408493e-05,7.597876e-06,TRUE
Trajectory (原始),160,97008,7.334941,1.408544e-05,7.597871e-06,TRUE
Trajectory (原始),176,97008,7.343291,1.408534e-05,7.597872e-06,TRUE
Trajectory (原始),192,97008,7.335230,1.408426e-05,7.597889e-06,TRUE
Trajectory (5x降采样),16,19401,11.579815,1.401521e-05,7.621042e-06,TRUE
Trajectory (5x降采样),24,19401,11.584506,1.401520e-05,7.621041e-06,TRUE
Trajectory (5x降采样),32,19401,11.562548,1.401518e-05,7.621042e-06,TRUE
Trajectory (5x降采样),48,19401,11.575589,1.401519e-05,7.621041e-06,TRUE
Trajectory (5x降采样),64,19401,11.607443,1.401516e-05,7.621042e-06,TRUE
Trajectory (5x降采样),80,19401,11.573733,1.401517e-05,7.621042e-06,TRUE
Trajectory (5x降采样),96,19401,11.604041,1.401513e-05,7.621043e-06,TRUE
Trajectory (5x降采样),112,19401,11.596516,1.401514e-05,7.621042e-06,TRUE
Trajectory (5x降采样),128,19401,11.604763,1.401509e-05,7.621043e-06,TRUE
Trajectory (5x降采样),144,19401,11.618679,1.401511e-05,7.621043e-06,TRUE
Trajectory (5x降采样),160,19401,11.597134,1.401517e-05,7.621043e-06,TRUE
Trajectory (5x降采样),176,19401,11.614195,1.401507e-05,7.621043e-06,TRUE
Trajectory (5x降采样),192,19401,11.613937,1.401520e-05,7.621041e-06,TRUE
Trajectory (10x降采样),16,9700,11.767113,1.402926e-05,7.582338e-06,TRUE
Trajectory (10x降采样),24,9700,11.734330,1.402926e-05,7.582339e-06,TRUE
Trajectory (10x降采样),32,9700,11.719897,1.402925e-05,7.582338e-06,TRUE
Trajectory (10x降采样),48,9700,11.670309,1.402926e-05,7.582338e-06,TRUE
Trajectory (10x降采样),64,9700,11.640722,1.402926e-05,7.582339e-06,TRUE
Trajectory (10x降采样),80,9700,11.674639,1.402925e-05,7.582338e-06,TRUE
Trajectory (10x降采样),96,9700,11.658660,1.402926e-05,7.582338e-06,TRUE
Trajectory (10x降采样),112,9700,11.635773,1.402926e-05,7.582338e-06,TRUE
Trajectory (10x降采样),128,9700,11.671340,1.402926e-05,7.582338e-06,TRUE
Trajectory (10x降采样),144,9700,11.643814,1.402926e-05,7.582338e-06,TRUE
Trajectory (10x降采样),160,9700,11.634536,1.402926e-05,7.582338e-06,TRUE
Trajectory (10x降采样),176,9700,11.640206,1.402926e-05,7.582338e-06,TRUE
Trajectory (10x降采样),192,9700,11.653711,1.402926e-05,7.582338e-06,TRUE
Trajectory (20x降采样),16,4850,16.357732,1.397865e-05,7.551099e-06,TRUE
Trajectory (20x降采样),24,4850,16.297938,1.397865e-05,7.551099e-06,TRUE
Trajectory (20x降采样),32,4850,16.248660,1.397865e-05,7.551099e-06,TRUE
Trajectory (20x降采样),48,4850,16.311134,1.397865e-05,7.551099e-06,TRUE
Trajectory (20x降采样),64,4850,16.260412,1.397865e-05,7.551099e-06,TRUE
Trajectory (20x降采样),80,4850,16.227835,1.397865e-05,7.551099e-06,TRUE
Trajectory (20x降采样),96,4850,16.233196,1.397865e-05,7.551099e-06,TRUE
Trajectory (20x降采样),112,4850,16.189691,1.397865e-05,7.551099e-06,TRUE
Trajectory (20x降采样),128,4850,16.242268,1.397865e-05,7.551099e-06,TRUE
Trajectory (20x降采样),144,4850,16.245155,1.397865e-05,7.551099e-06,TRUE
Trajectory (20x降采样),160,4850,16.187010,1.397865e-05,7.551099e-06,TRUE
Trajectory (20x降采样),176,4850,16.186392,1.397865e-05,7.551099e-06,TRUE
Trajectory (20x降采样),192,4850,16.185979,1.397865e-05,7.551099e-06,TRUE
Trajectory (40x降采样),16,2425,21.832990,1.394426e-05,7.741863e-06,TRUE
Trajectory (40x降采样),24,2425,21.868454,1.394426e-05,7.741863e-06,TRUE
Trajectory (40x降采样),32,2425,21.694845,1.394426e-05,7.741863e-06,TRUE
Trajectory (40x降采样),48,2425,21.741856,1.394426e-05,7.741863e-06,TRUE
Trajectory (40x降采样),64,2425,21.736495,1.394426e-05,7.741863e-06,TRUE
Trajectory (40x降采样),80,2425,21.657732,1.394426e-05,7.741863e-06,TRUE
Trajectory (40x降采样),96,2425,21.655670,1.394426e-05,7.741863e-06,TRUE
Trajectory (40x降采样),112,2425,21.654021,1.394426e-05,7.741863e-06,TRUE
Trajectory (40x降采样),128,2425,21.652784,1.394426e-05,7.741863e-06,TRUE
Trajectory (40x降采样),144,2425,21.651959,1.394426e-05,7.741863e-06,TRUE
Trajectory (40x降采样),160,2425,21.651546,1.394426e-05,7.741863e-06,TRUE
Trajectory (40x降采样),176,2425,21.650722,1.394426e-05,7.741863e-06,TRUE
Trajectory (40x降采样),192,2425,21.650309,1.394426e-05,7.741863e-06,TRUE
